{"episode_reward": [1.0, 1.0, 1.0, 0.0, 4.0, 2.0, 3.0, 2.0, 2.0, 0.0, 2.0, 1.0, 2.0, 2.0, 1.0, 2.0, 2.0, 0.0, 0.0, 1.0, 0.0, 1.0, 0.0, 1.0, 0.0, 0.0, 2.0, 0.0, 0.0, 2.0, 1.0, 0.0, 0.0, 1.0, 0.0, 2.0, 0.0, 0.0, 1.0, 2.0, 1.0, 1.0, 0.0, 2.0, 0.0, 6.0, 3.0, 3.0, 1.0, 0.0, 1.0, 2.0, 0.0, 0.0, 0.0, 0.0, 3.0, 2.0, 2.0, 2.0, 0.0, 0.0, 0.0, 0.0, 1.0], "nb_steps": [177, 335, 504, 636, 907, 1117, 1385, 1600, 1815, 1945, 2155, 2323, 2542, 2736, 2913, 3107, 3336, 3458, 3583, 3762, 3888, 4068, 4198, 4380, 4523, 4658, 4857, 4995, 5149, 5334, 5517, 5654, 5787, 5971, 6111, 6334, 6465, 6600, 6767, 6988, 7173, 7351, 7494, 7719, 7861, 8256, 8511, 8768, 8947, 9075, 9237, 9437, 9568, 9712, 9855, 9990, 10223, 10441, 10643, 10850, 10984, 11115, 11263, 11392, 11581], "mean_absolute_error": [NaN, NaN, NaN, NaN, NaN, NaN, NaN, NaN, NaN, NaN, NaN, NaN, NaN, NaN, NaN, NaN, NaN, NaN, NaN, NaN, NaN, NaN, NaN, NaN, NaN, NaN, NaN, NaN, NaN, NaN, NaN, NaN, NaN, NaN, NaN, NaN, NaN, NaN, NaN, NaN, NaN, NaN, NaN, NaN, NaN, NaN, NaN, NaN, NaN, NaN, NaN, NaN, NaN, NaN, NaN, NaN, NaN, NaN, NaN, NaN, NaN, NaN, NaN, NaN, NaN], "loss": [NaN, NaN, NaN, NaN, NaN, NaN, NaN, NaN, NaN, NaN, NaN, NaN, NaN, NaN, NaN, NaN, NaN, NaN, NaN, NaN, NaN, NaN, NaN, NaN, NaN, NaN, NaN, NaN, NaN, NaN, NaN, NaN, NaN, NaN, NaN, NaN, NaN, NaN, NaN, NaN, NaN, NaN, NaN, NaN, NaN, NaN, NaN, NaN, NaN, NaN, NaN, NaN, NaN, NaN, NaN, NaN, NaN, NaN, NaN, NaN, NaN, NaN, NaN, NaN, NaN], "mean_eps": [NaN, NaN, NaN, NaN, NaN, NaN, NaN, NaN, NaN, NaN, NaN, NaN, NaN, NaN, NaN, NaN, NaN, NaN, NaN, NaN, NaN, NaN, NaN, NaN, NaN, NaN, NaN, NaN, NaN, NaN, NaN, NaN, NaN, NaN, NaN, NaN, NaN, NaN, NaN, NaN, NaN, NaN, NaN, NaN, NaN, NaN, NaN, NaN, NaN, NaN, NaN, NaN, NaN, NaN, NaN, NaN, NaN, NaN, NaN, NaN, NaN, NaN, NaN, NaN, NaN], "nb_episode_steps": [177, 158, 169, 132, 271, 210, 268, 215, 215, 130, 210, 168, 219, 194, 177, 194, 229, 122, 125, 179, 126, 180, 130, 182, 143, 135, 199, 138, 154, 185, 183, 137, 133, 184, 140, 223, 131, 135, 167, 221, 185, 178, 143, 225, 142, 395, 255, 257, 179, 128, 162, 200, 131, 144, 143, 135, 233, 218, 202, 207, 134, 131, 148, 129, 189], "duration": [1.6005909442901611, 0.9636340141296387, 1.059190034866333, 0.7602260112762451, 1.5316390991210938, 1.131782054901123, 1.5357089042663574, 1.2038068771362305, 1.2354819774627686, 0.7077679634094238, 1.2480289936065674, 0.9181418418884277, 1.3091778755187988, 1.2388617992401123, 1.0671579837799072, 1.1173279285430908, 1.343074083328247, 0.6922900676727295, 0.7478940486907959, 0.9639019966125488, 0.7277240753173828, 1.039604902267456, 0.8269619941711426, 1.0769860744476318, 0.8674030303955078, 0.8477411270141602, 0.9462430477142334, 0.7295341491699219, 0.8238248825073242, 1.0398590564727783, 1.095146894454956, 0.8579730987548828, 0.8452351093292236, 1.074268102645874, 0.7420198917388916, 1.3710079193115234, 0.8276350498199463, 0.8358287811279297, 0.911923885345459, 1.2842800617218018, 1.1029839515686035, 1.0516769886016846, 0.939917802810669, 1.2879011631011963, 0.6798999309539795, 2.17992901802063, 1.4914469718933105, 1.519646167755127, 1.0477039813995361, 0.8666391372680664, 1.0968029499053955, 1.2023749351501465, 0.8052589893341064, 0.8276510238647461, 0.775933027267456, 0.811816930770874, 1.4598557949066162, 1.175786018371582, 1.185236930847168, 1.1445329189300537, 0.8654000759124756, 0.7194430828094482, 1.1522910594940186, 0.9395220279693604, 1.2799451351165771], "episode": [0, 1, 2, 3, 4, 5, 6, 7, 8, 9, 10, 11, 12, 13, 14, 15, 16, 17, 18, 19, 20, 21, 22, 23, 24, 25, 26, 27, 28, 29, 30, 31, 32, 33, 34, 35, 36, 37, 38, 39, 40, 41, 42, 43, 44, 45, 46, 47, 48, 49, 50, 51, 52, 53, 54, 55, 56, 57, 58, 59, 60, 61, 62, 63, 64], "mean_q": [NaN, NaN, NaN, NaN, NaN, NaN, NaN, NaN, NaN, NaN, NaN, NaN, NaN, NaN, NaN, NaN, NaN, NaN, NaN, NaN, NaN, NaN, NaN, NaN, NaN, NaN, NaN, NaN, NaN, NaN, NaN, NaN, NaN, NaN, NaN, NaN, NaN, NaN, NaN, NaN, NaN, NaN, NaN, NaN, NaN, NaN, NaN, NaN, NaN, NaN, NaN, NaN, NaN, NaN, NaN, NaN, NaN, NaN, NaN, NaN, NaN, NaN, NaN, NaN, NaN]}